index,name,test_id,group,nan_count_training,min_training,p01_training,p05_training,median_training,p95_training,p99_training,max_training
0,test0_static_spiral_acceleration_iqr,0,acceleration,1,523.5502661743992,527.9766981464143,557.534032544066,714.1461418278564,2818.352298366456,9601.087198386684,11582.349170518648
1,test0_static_spiral_acceleration_rms,0,acceleration,1,701.2576585454077,707.3384824459104,729.996485264378,1079.6872001013364,4194.9382638098405,13656.110686045431,13671.843459572792
2,test0_static_spiral_curvature_median,0,curvature,1,6.341022283265289e-11,9.802656243631262e-11,0.008781938210077325,0.0268181548364857,0.10304686553422045,0.11098956623927218,0.1187972983312925
3,test0_static_spiral_curvature_p90,0,curvature,1,0.0319086727723912,0.045849513375923204,0.058772434969509825,0.19848954032758298,0.7848920520625382,1.4110613858656855,1.5194217274786204
4,test0_static_spiral_duration_seconds,0,duration,1,3.690909090909091,3.9499999999999997,7.1454545454545455,18.154545454545456,49.081818181818186,93.79545454545455,103.43636363636364
5,test0_static_spiral_grip_angle_circular_concentration,0,grip,1,0.9042925298478324,0.9194980464433103,0.9501506520432154,0.9755553559319461,0.989671201984704,0.9920165064569396,0.9922276471967648
6,test0_static_spiral_grip_angle_circular_std,0,grip,1,0.1249216951791763,0.12661014703926146,0.144096513161003,0.22247864122751781,0.3196434082986088,0.40918175702586335,0.4485585267746061
7,test0_static_spiral_grip_angle_rate_abs_mean,0,grip,1,0.5581715982692146,0.587622143813144,0.6723828247015967,1.1617701693899227,3.8700510795525114,5.693136732880222,5.7916641971954785
8,test0_static_spiral_grip_angle_rate_iqr,0,grip,1,0.5526875964648568,0.6108652381976967,0.8841789509237027,1.6968478838833718,4.023607257722651,5.195665975272636,5.813348905860844
9,test0_static_spiral_jerk_iqr,0,jerk,1,34981.781838938994,36034.82081745988,36977.101934028666,43155.15840412926,118578.76410510269,429872.7760436835,462117.5409487616
10,test0_static_spiral_jerk_rms,0,jerk,1,53621.638389645006,53879.68927882571,55456.449014382466,65795.75062136537,185491.25926306905,587353.3965141932,592712.361196108
11,test0_static_spiral_motion_peak_frequency_3_8hz,0,motion,1,3.002764340013822,3.0059998475126086,3.021197169382588,3.2116812961910957,4.941869988317657,7.247798360157911,7.910112359550563
12,test0_static_spiral_motion_power_ratio_3_8hz,0,motion,1,0.0302706816870389,0.0324308391441629,0.040830049993518455,0.13557601420604115,0.3872218771777722,0.6491015651907612,0.7924844563409886
13,test0_static_spiral_motion_power_ratio_4_6hz,0,motion,1,0.0050373259587723,0.00609161016574785,0.009460605713000475,0.0343681519616863,0.09863063957840093,0.3145998720054404,0.5795761413095787
14,test0_static_spiral_motion_spectral_entropy_1_25hz,0,motion,1,0.4083896020681008,0.4469824739979865,0.4717481802171198,0.6345424629283257,0.7131196843412048,0.7559051048507552,0.7683477265813717
15,test0_static_spiral_path_length,0,path,1,1349.5902845585338,1449.997228515399,1882.576785684084,2004.0320198295194,2915.8184982803064,4071.705857885357,4215.228980235176
16,test0_static_spiral_pressure_iqr,0,pressure,1,19.16161616161628,26.255501443000696,34.27313311688263,95.19696969696918,224.24350649350663,248.46717171717165,266.77777777777806
17,test0_static_spiral_pressure_median,0,pressure,1,346.8787878787877,347.08658008658,439.5698051948052,685.7146464646465,946.0665584415585,1008.681818181818,1023.0
18,test0_static_spiral_pressure_p90_p10,0,pressure,1,45.62077922077947,58.635497835498285,96.30945165945175,233.22438672438687,576.8818036549576,684.0935793425418,743.6409840368345
19,test0_static_spiral_pressure_peak_frequency_3_8hz,0,pressure,1,3.013698630136986,3.01466662755566,3.0233953479077575,3.317683241145509,6.948701376014152,7.752067967188255,7.910112359550563
20,test0_static_spiral_pressure_power_ratio_3_8hz,0,pressure,1,0.1173139170662034,0.11914770165529695,0.15319580425086007,0.2584809827963137,0.5326646515847405,0.8111661551347118,0.9097052951289336
21,test0_static_spiral_pressure_power_ratio_4_6hz,0,pressure,1,0.0087321340006766,0.024645311794397752,0.035747398427108446,0.07786942242751671,0.19641677304281321,0.40650331702072473,0.6625507988772876
22,test0_static_spiral_pressure_rate_abs_mean,0,pressure,1,65.95287261918688,68.17166544196007,77.0027168455621,151.6339206553203,460.0966558904646,1098.303664053184,1187.388412232015
23,test0_static_spiral_pressure_rate_iqr,0,pressure,1,1.4551915228366852e-11,29.583333333340306,55.71428571428419,119.30555555556293,347.7976190474974,943.5714285714421,1192.142857142877
24,test0_static_spiral_pressure_robust_cv,0,pressure,1,0.0223982808699293,0.03219785266020072,0.04207733261057335,0.13981582178735036,0.4038017041474492,0.43707288581714737,0.5080307072456272
25,test0_static_spiral_pressure_spectral_entropy_1_25hz,0,pressure,1,0.5901998456880619,0.5961377676925474,0.6247159489024441,0.7399173120046896,0.8820899305355795,0.9018359561223682,0.9179590785345488
26,test0_static_spiral_speed_iqr,0,speed,1,19.540584858418097,20.04013759097124,23.642237170542376,67.15296890179371,263.45319058339896,346.5663320507538,359.3924751226551
27,test0_static_spiral_speed_median,0,speed,1,22.00000000000182,22.000000000004547,38.746649823559956,111.42918897240872,293.2518446245648,512.9766118609566,604.6073443287985
28,test0_static_spiral_speed_p90,0,speed,1,44.00000000000728,47.04960356515736,68.71923661295276,174.61277704703906,658.0267436377001,804.4625138008503,934.55717662453
29,test0_static_spiral_speed_robust_cv,0,speed,1,0.3352333754981648,0.35178060586376503,0.382592605311267,0.6227820108010322,1.078478404089573,1.2952563422630368,1.4780930647626065
30,test0_static_spiral_stationary_ratio,0,stationary,1,0.0,0.0,0.0,0.0103020311921696,0.0642664778285449,0.1346258534799734,0.150627195183141
31,test0_static_spiral_turn_rate_abs_median,0,turn,1,2.3325634799268755,2.4192820663075025,2.668056697191041,3.9797119146258524,7.187326982036154,12.437463661944207,13.710513047130462
32,test0_static_spiral_turn_rate_iqr,0,turn,1,3.4514244500877425,3.562852650845066,4.330099137415305,7.703660504892362,14.528587127232218,23.96778942537562,27.22502066459026
33,test0_static_spiral_z_p90,0,z,1,0.0,0.0,0.0,0.0,3.442424242424461,7.190909090909644,7.272727272729856
34,test0_static_spiral_z_rate_abs_mean,0,z,1,0.0,0.0,0.0,17.006461665975145,79.24749249170853,101.25425191160895,106.98229784084208
35,test0_static_spiral_z_zero_ratio,0,z,1,0.7641046606704824,0.7983537513745171,0.8638172518830329,0.9694328414249029,1.0,1.0,1.0
36,test1_dynamic_spiral_acceleration_iqr,1,acceleration,5,507.4007204427112,509.25192806685095,532.1693423560307,761.242589957819,4351.018654145454,9857.121208776782,11745.99149675779
37,test1_dynamic_spiral_acceleration_rms,1,acceleration,5,675.7692953756747,676.4158201271547,703.2932192537919,1119.5583239816224,8230.473568333047,14397.289991348616,15873.099985786095
38,test1_dynamic_spiral_curvature_median,1,curvature,5,0.0024415574319141,0.00466998491707571,0.006691309746659115,0.02482466251032015,0.0938104163397199,0.12033777776788813,0.1291360047304854
39,test1_dynamic_spiral_curvature_p90,1,curvature,5,0.0320510035260265,0.03273924051627966,0.044867124283766456,0.17910269131921155,0.9247517328191295,1.358044909082763,1.4854552426133478
40,test1_dynamic_spiral_duration_seconds,1,duration,5,3.390909090909091,3.7975454545454546,5.465000000000001,17.06818181818182,52.704090909090915,73.90981818181822,78.76363636363637
41,test1_dynamic_spiral_grip_angle_circular_concentration,1,grip,5,0.7774577834150488,0.8320324360744227,0.9421930741425034,0.9769996657763651,0.9929229713011256,0.9949304461567755,0.995916418682177
42,test1_dynamic_spiral_grip_angle_circular_std,1,grip,5,0.0904648208369659,0.10061422156956648,0.11913420619951089,0.21572505971328604,0.34420750063132266,0.6041849783978498,0.7095434225773474
43,test1_dynamic_spiral_grip_angle_rate_abs_mean,1,grip,5,0.5241694554627133,0.5493274899443891,0.6215081349069491,1.2958869886865751,4.7410097337657815,11.870925405274695,12.529287354409554
44,test1_dynamic_spiral_grip_angle_rate_iqr,1,grip,5,0.3684583976435007,0.5267985458936167,0.8498783829850607,1.7951958020508698,5.823945547748583,9.126451325053962,12.073938432546456
45,test1_dynamic_spiral_jerk_iqr,1,jerk,5,34706.15218746546,35303.364102967,35959.08477188487,42881.155008289905,140077.69364018633,418995.95464501955,472588.09128790814
46,test1_dynamic_spiral_jerk_rms,1,jerk,5,53866.86325807011,54007.414545281055,54738.889120046486,66361.96530808444,289332.5035650314,639391.7674776919,643289.1614176389
47,test1_dynamic_spiral_motion_peak_frequency_3_8hz,1,motion,5,3.0018913807079173,3.0077064456765394,3.025493254209779,3.1920507494526467,4.483317183462533,6.71496512560953,6.764705882352941
48,test1_dynamic_spiral_motion_power_ratio_3_8hz,1,motion,5,0.0019505907878929,0.004833207628431393,0.02430319267670765,0.10622701313466965,0.36449458030884346,0.6911519705142223,0.8681329918081276
49,test1_dynamic_spiral_motion_power_ratio_4_6hz,1,motion,5,0.0003829361167622,0.00131951700256148,0.004121581049941495,0.0260981116859295,0.10963379614585148,0.30430483134041697,0.4802522468461909
50,test1_dynamic_spiral_motion_spectral_entropy_1_25hz,1,motion,5,0.1606374004386112,0.20983333373685453,0.3339012095099372,0.600076054976695,0.7005258232773695,0.7238917950910506,0.7439250015296024
51,test1_dynamic_spiral_path_length,1,path,5,1298.1742364373722,1330.7166792181372,1716.4789488066983,1991.8260807410188,3709.771257660018,4705.270875212192,5475.382038119247
52,test1_dynamic_spiral_pressure_iqr,1,pressure,5,0.0,15.029870129870124,30.588311688311453,81.59126984126982,151.51428571428588,194.85320707070775,280.739898989899
53,test1_dynamic_spiral_pressure_median,1,pressure,5,360.0,362.13,386.22987012987016,727.1396103896104,983.2229797979797,1016.9696103896105,1023.0
54,test1_dynamic_spiral_pressure_p90_p10,1,pressure,5,49.45454545454538,50.11075757575755,72.0792424242424,189.31796536796503,401.4912987012989,650.0997150384193,759.5863498203925
55,test1_dynamic_spiral_pressure_peak_frequency_3_8hz,1,pressure,5,3.0018913807079173,3.002197745469175,3.0164231566739113,3.4045964912280704,7.254289517573793,7.752078260305243,7.803203661327232
56,test1_dynamic_spiral_pressure_power_ratio_3_8hz,1,pressure,5,0.0989091020234564,0.12549983161608197,0.14385412145134485,0.26304078938402414,0.6083197352771017,0.8504064065619691,0.9790692091154142
57,test1_dynamic_spiral_pressure_power_ratio_4_6hz,1,pressure,5,0.018562683615613,0.025846445717215165,0.03686555441388024,0.07575501105094415,0.1916047193168042,0.36162780330242217,0.469305242388742
58,test1_dynamic_spiral_pressure_rate_abs_mean,1,pressure,5,52.12895149614011,64.99244406130929,88.9098584978608,152.3045567839677,584.3758604985873,1035.46506511843,1045.657588714579
59,test1_dynamic_spiral_pressure_rate_iqr,1,pressure,5,0.0,13.185714285701923,54.90476190473774,126.2834821428196,451.1785714285759,1084.4642857142949,1604.2857142856992
60,test1_dynamic_spiral_pressure_robust_cv,1,pressure,5,0.0,0.019565004947641237,0.03381216289663921,0.11404315233548154,0.34086203522031855,0.43311679953536614,0.4649605607640918
61,test1_dynamic_spiral_pressure_spectral_entropy_1_25hz,1,pressure,5,0.4035785389752131,0.5187718286807892,0.6145809984617534,0.7434946257165298,0.8826090392621416,0.8998573042150065,0.9234030836542544
62,test1_dynamic_spiral_speed_iqr,1,speed,5,19.03771577118705,21.72014613812848,26.338887808601473,87.12267213543612,462.8307640770824,539.1839834326117,672.3249937781636
63,test1_dynamic_spiral_speed_median,1,speed,5,22.55555555554929,25.580646586305868,35.026724697347525,117.88978427352355,386.0660149991956,695.8168269463598,1046.4034012391985
64,test1_dynamic_spiral_speed_p90,1,speed,5,44.302216568000205,55.765569159152676,66.25185186088262,202.88799876440362,842.3670084373168,1040.277340844171,1361.1659080902746
65,test1_dynamic_spiral_speed_robust_cv,1,speed,5,0.3917323093723929,0.3997353040004878,0.44946781553579956,0.7930761352167812,1.4971393587022812,2.1938130579246913,2.327984056997139
66,test1_dynamic_spiral_stationary_ratio,1,stationary,5,0.0,0.0,0.0,0.01311273438063365,0.11271512564767842,0.1594557597145409,0.1922153418425376
67,test1_dynamic_spiral_turn_rate_abs_median,1,turn,5,2.21296525858736,2.336267092898291,2.5457840361593753,3.8330762585554794,7.390297313568794,13.664539073173774,15.876666114116231
68,test1_dynamic_spiral_turn_rate_iqr,1,turn,5,3.320483409402101,3.3899058939454316,4.016066507996259,7.110577018418837,14.720022683906986,25.910504255780467,28.127459536986834
69,test1_dynamic_spiral_z_p90,1,z,5,0.0,0.0,0.0,0.0,5.016363636363673,7.186666666666615,7.272727272727441
70,test1_dynamic_spiral_z_rate_abs_mean,1,z,5,0.0,0.0,0.0,17.0459201983021,88.5629187851022,122.59823943145747,137.3139745916515
71,test1_dynamic_spiral_z_zero_ratio,1,z,5,0.75858310626703,0.7882468140660774,0.8321290312966382,0.9687266515851599,1.0,1.0,1.0
